rsid,HGVSId
rs2130335076,chr8:g.143998540C>G
rs2130329698,chr8:g.143996123T>C
rs2130326797,chr8:g.143994835C>A
rs2130326398,chr8:g.143994731A>C
rs2130325303,chr8:g.143994239T>C
rs2130325264,chr8:g.143994225C>G
rs1817674215,chr8:g.143999148G>A
rs1817671838,chr8:g.143999079C>A
rs1817670347,chr8:g.143999027G>A
rs1817661886,chr8:g.143998571A>T
rs1817661346,chr8:g.143998541C>T
rs1817660949,chr8:g.143998524A>G
rs1817660595,chr8:g.143998511C>T
rs1817622721,chr8:g.143996611A>G
rs1817618619,chr8:g.143996513C>A
rs1817618401,chr8:g.143996506A>G
rs1817617882,chr8:g.143996473T>C
rs1817613384,chr8:g.143996309A>T
rs1817613329,chr8:g.143996300T>C
rs1817600525,chr8:g.143995822A>G
rs1817597637,chr8:g.143995771C>T
rs1817596315,chr8:g.143995694C>T
rs1817595861,chr8:g.143995682T>C
rs1817577841,chr8:g.143994831C>A
rs1817577587,chr8:g.143994824T>C
rs1817577587,chr8:g.143994824T>G
rs1817564017,chr8:g.143994248A>G
rs1817560098,chr8:g.143994112C>T
rs1817559816,chr8:g.143994106T>G
rs1817559368,chr8:g.143994095A>G
rs1817558554,chr8:g.143994077A>G
rs1817556420,chr8:g.143994014C>T
rs1817544100,chr8:g.143993425G>A
rs1817543401,chr8:g.143993410T>A
rs1817543401,chr8:g.143993410T>C
rs1586575571,chr8:g.143996530A>C
rs1586575300,chr8:g.143996220T>G
