rsid,HGVSId,Converted Rankscore,Score,Prediction
rs2130336911,chr8:g.143999222G>A,0.65419,0.004,Damaging
rs2130336495,chr8:g.143999099A>G,0.72154,0.002,Damaging
rs2130335208,chr8:g.143998585C>G,0.54683,0.012,Damaging
rs2130335076,chr8:g.143998540C>G,0.91255,0.0,Damaging
rs2130331124,chr8:g.143996620G>C,0.09101,0.446,Tolerant
rs2130329910,chr8:g.143996201A>T,0.72154,0.002,Damaging
rs2130329908,chr8:g.143996200C>A,0.15098,0.288,Tolerant
rs2130329698,chr8:g.143996123T>C,0.5748,0.009,Damaging
rs2130326829,chr8:g.143994846T>C,0.144,0.302,Tolerant
rs2130326797,chr8:g.143994835C>A,0.91255,0.0,Damaging
rs2130326398,chr8:g.143994731A>C,0.91255,0.0,Damaging
rs2130325303,chr8:g.143994239T>C,0.72154,0.002,Damaging
rs2130325264,chr8:g.143994225C>G,0.7849,0.001,Damaging
rs1817676833,chr8:g.143999241T>G,0.27426,0.124,Tolerant
rs1817676727,chr8:g.143999233C>G,0.00964,1.0,Tolerant
rs1817676630,chr8:g.143999228C>T,0.32769,0.085,Tolerant
rs1817675774,chr8:g.143999180G>C,0.2155,0.185,Tolerant
rs1817675007,chr8:g.143999163G>T,0.58626,0.008,Damaging
rs1817674215,chr8:g.143999148G>A,0.39575,0.05,Damaging
rs1817673849,chr8:g.143999135A>G,0.7849,0.001,Damaging
rs1817673617,chr8:g.143999128C>G,0.14064,0.309,Tolerant
rs1817672320,chr8:g.143999097G>C,0.50132,0.019,Damaging
rs1817672269,chr8:g.143999095C>G,0.30515,0.1,Tolerant
rs1817671838,chr8:g.143999079C>A,0.7849,0.001,Damaging
rs1817671838,chr8:g.143999079C>T,0.33254,0.082,Tolerant
rs1817671593,chr8:g.143999072T>C,0.59928,0.007,Damaging
rs1817670347,chr8:g.143999027G>A,0.91255,0.0,Damaging
rs1817662864,chr8:g.143998617C>T,0.12109,0.355,Tolerant
rs1817662837,chr8:g.143998616C>T,0.17014,0.252,Tolerant
rs1817661886,chr8:g.143998571A>T,0.91255,0.0,Damaging
rs1817661346,chr8:g.143998541C>T,0.91255,0.0,Damaging
rs1817661197,chr8:g.143998532A>C,0.72154,0.002,Damaging
rs1817660949,chr8:g.143998524A>G,0.91255,0.0,Damaging
rs1817660595,chr8:g.143998511C>T,0.91255,0.0,Damaging
rs1817660495,chr8:g.143998505T>C,0.14111,0.308,Tolerant
rs1817660324,chr8:g.143998500C>T,0.20078,0.204,Tolerant
rs1817623564,chr8:g.143996639T>C,0.04728,0.658,Tolerant
rs1817622774,chr8:g.143996612G>C,0.65419,0.004,Damaging
rs1817622721,chr8:g.143996611A>G,0.7849,0.001,Damaging
rs1817622208,chr8:g.143996600C>A,0.34095,0.077,Tolerant
rs1817619939,chr8:g.143996535C>G,0.2345,0.163,Tolerant
rs1817619450,chr8:g.143996527A>C,0.0733,0.517,Tolerant
rs1817618619,chr8:g.143996513C>A,0.59928,0.007,Damaging
rs1817618429,chr8:g.143996507G>T,0.30515,0.1,Tolerant
rs1817618401,chr8:g.143996506A>G,0.61437,0.006,Damaging
rs1817618040,chr8:g.143996481G>C,0.35537,0.069,Tolerant
rs1817617918,chr8:g.143996476T>C,0.00964,1.0,Tolerant
rs1817617882,chr8:g.143996473T>C,0.4732,0.025,Damaging
rs1817613543,chr8:g.143996316A>T,0.27426,0.124,Tolerant
rs1817613384,chr8:g.143996309A>T,0.91255,0.0,Damaging
rs1817613329,chr8:g.143996300T>C,0.7849,0.001,Damaging
rs1817612753,chr8:g.143996278G>C,0.05826,0.589,Tolerant
rs1817612722,chr8:g.143996275G>T,0.13654,0.318,Tolerant
rs1817612403,chr8:g.143996250G>A,0.68238,0.003,Damaging
rs1817612311,chr8:g.143996247G>A,0.13566,0.32,Tolerant
rs1817612311,chr8:g.143996247G>C,0.05325,0.619,Tolerant
rs1817612167,chr8:g.143996244C>T,0.38407,0.055,Tolerant
rs1817611752,chr8:g.143996222G>T,0.7849,0.001,Damaging
rs1817610593,chr8:g.143996180C>G,0.23631,0.161,Tolerant
rs1817600780,chr8:g.143995834C>A,0.23997,0.157,Tolerant
rs1817600642,chr8:g.143995827G>C,0.02008,0.98,Tolerant
rs1817600525,chr8:g.143995822A>G,0.7849,0.001,Damaging
rs1817597913,chr8:g.143995782T>A,0.33753,0.079,Tolerant
rs1817597637,chr8:g.143995771C>T,0.72154,0.002,Damaging
rs1817597372,chr8:g.143995763C>T,0.4732,0.025,Damaging
rs1817596315,chr8:g.143995694C>T,0.7849,0.001,Damaging
rs1817595861,chr8:g.143995682T>C,0.72154,0.002,Damaging
rs1817578231,chr8:g.143994851A>G,0.56456,0.01,Damaging
rs1817577841,chr8:g.143994831C>A,0.65419,0.004,Damaging
rs1817577587,chr8:g.143994824T>C,0.43708,0.035,Damaging
rs1817577587,chr8:g.143994824T>G,0.43708,0.035,Damaging
rs1817576449,chr8:g.143994791C>T,0.32929,0.084,Tolerant
rs1817575887,chr8:g.143994776G>A,0.43708,0.035,Damaging
rs1817575728,chr8:g.143994758G>A,0.1593,0.272,Tolerant
rs1817575620,chr8:g.143994754C>G,0.3261,0.086,Tolerant
rs1817574791,chr8:g.143994719G>C,0.7849,0.001,Damaging
rs1817564792,chr8:g.143994276C>G,0.026,0.871,Tolerant
rs1817564485,chr8:g.143994269A>C,0.30515,0.1,Tolerant
rs1817564017,chr8:g.143994248A>G,0.7849,0.001,Damaging
rs1817563927,chr8:g.143994236T>C,0.33585,0.08,Tolerant
rs1817560561,chr8:g.143994128A>C,0.0787,0.495,Tolerant
rs1817560257,chr8:g.143994118G>A,0.51853,0.016,Damaging
rs1817560098,chr8:g.143994112C>T,0.7849,0.001,Damaging
rs1817559816,chr8:g.143994106T>C,0.10148,0.41,Tolerant
rs1817559816,chr8:g.143994106T>G,0.65419,0.004,Damaging
rs1817559591,chr8:g.143994103G>A,0.45756,0.029,Damaging
rs1817559457,chr8:g.143994097A>G,0.54683,0.012,Damaging
rs1817559368,chr8:g.143994095A>G,0.91255,0.0,Damaging
rs1817558554,chr8:g.143994077A>G,0.91255,0.0,Damaging
rs1817556872,chr8:g.143994025T>G,0.34095,0.077,Tolerant
rs1817556420,chr8:g.143994014C>T,0.91255,0.0,Damaging
rs1817555101,chr8:g.143993973C>G,0.61437,0.006,Damaging
rs1817554420,chr8:g.143993951G>A,0.04602,0.667,Tolerant
rs1817545728,chr8:g.143993467T>A,0.11659,0.367,Tolerant
rs1817545598,chr8:g.143993459C>A,0.17468,0.244,Tolerant
rs1817545422,chr8:g.143993454T>C,0.47745,0.024,Damaging
rs1817544665,chr8:g.143993446T>C,0.07695,0.502,Tolerant
rs1817544100,chr8:g.143993425G>A,0.4732,0.025,Damaging
rs1817543401,chr8:g.143993410T>C,0.56456,0.01,Damaging
rs1586576765,chr8:g.143998527G>A,0.33418,0.081,Tolerant
rs1586575571,chr8:g.143996530A>C,0.91255,0.0,Damaging
rs1586575300,chr8:g.143996220T>G,0.91255,0.0,Damaging
