rsid,HGVSId,Rankscore,Score,Prediction
rs2154551512,chr17:g.41256889C>A,0.54354,"[2.0, 2.0, 2.0, 2.0, 2.0]",Damaging
rs2154550158,chr17:g.41256272T>A,0.71248,"[2.455, 2.455, 2.455, 2.455, 2.455]",Damaging
rs2154550158,chr17:g.41256272T>C,0.71248,"[2.455, 2.455, 2.455, 2.455, 2.455]",Damaging
rs2154550108,chr17:g.41256269C>A,0.65703,"[2.3, 2.3, 2.3, 2.3, 2.3]",Damaging
rs2154550108,chr17:g.41256269C>G,0.52479,"[1.95, 1.95, 1.95, 1.95, 1.95]",Damaging
rs2154550108,chr17:g.41256269C>T,0.40776,"[1.6, 1.6, 1.6, 1.6, 1.6]",Damaging
rs2154550079,chr17:g.41256267A>G,0.68882,"[2.39, 2.39, 2.39, 2.39, 2.39]",Damaging
rs2154550079,chr17:g.41256267A>T,0.68882,"[2.39, 2.39, 2.39, 2.39, 2.39]",Damaging
rs2154550036,chr17:g.41256263T>A,0.55033,"[2.015, 2.015, 2.015, 2.015, 2.015]",Damaging
rs2154549989,chr17:g.41256258C>A,0.00885,"[-1.16, -1.16, -1.16, -1.16, -1.16]",Damaging
rs2154549989,chr17:g.41256258C>G,0.12415,"[0.41, 0.41, 0.41, 0.41, 0.41]",Damaging
rs2154549989,chr17:g.41256258C>T,0.28011,"[1.1, 1.1, 1.1, 1.1, 1.1]",Damaging
rs2154549961,chr17:g.41256257G>A,0.28011,"[1.1, 1.1, 1.1, 1.1, 1.1]",Damaging
rs2154549961,chr17:g.41256257G>C,0.28011,"[1.1, 1.1, 1.1, 1.1, 1.1]",Damaging
rs2154549791,chr17:g.41256245T>C,0.52479,"[1.95, 1.95, 1.95, 1.95, 1.95]",Damaging
rs2154549630,chr17:g.41256229A>T,0.63811,"[2.25, 2.25, 2.25, 2.25, 2.25]",Damaging
rs2154549583,chr17:g.41256223T>A,0.29067,"[1.145, 1.145, 1.145, 1.145, 1.145]",Damaging
rs2154549551,chr17:g.41256220A>T,0.00339,"[-1.725, -1.725, -1.725, -1.725, -1.725]",Damaging
rs2154549536,chr17:g.41256219C>G,0.70002,"[2.42, 2.42, 2.42, 2.42, 2.42]",Damaging
rs2154549536,chr17:g.41256219C>T,0.70002,"[2.42, 2.42, 2.42, 2.42, 2.42]",Damaging
rs2154549487,chr17:g.41256215A>C,0.57402,"[2.08, 2.08, 2.08, 2.08, 2.08]",Damaging
rs2154549487,chr17:g.41256215A>T,0.57402,"[2.08, 2.08, 2.08, 2.08, 2.08]",Damaging
rs2154549472,chr17:g.41256213A>T,0.71715,"[2.47, 2.47, 2.47, 2.47, 2.47]",Damaging
rs2154549438,chr17:g.41256209A>G,0.55589,"[2.035, 2.035, 2.035, 2.035, 2.035]",Damaging
rs2154549438,chr17:g.41256209A>T,0.68558,"[2.38, 2.38, 2.38, 2.38, 2.38]",Damaging
rs2154549407,chr17:g.41256206A>G,0.73915,"[2.535, 2.535, 2.535, 2.535, 2.535]",Damaging
rs2154549407,chr17:g.41256206A>T,0.73915,"[2.535, 2.535, 2.535, 2.535, 2.535]",Damaging
rs2154549341,chr17:g.41256201T>A,0.73915,"[2.535, 2.535, 2.535, 2.535, 2.535]",Damaging
rs2154549164,chr17:g.41256188C>A,0.73915,"[2.535, 2.535, 2.535, 2.535, 2.535]",Damaging
rs2154549164,chr17:g.41256188C>G,0.73915,"[2.535, 2.535, 2.535, 2.535, 2.535]",Damaging
rs2154549164,chr17:g.41256188C>T,0.73915,"[2.535, 2.535, 2.535, 2.535, 2.535]",Damaging
rs2154549157,chr17:g.41256187T>A,0.73915,"[2.535, 2.535, 2.535, 2.535, 2.535]",Damaging
rs2154549149,chr17:g.41256186T>A,0.73915,"[2.535, 2.535, 2.535, 2.535, 2.535]",Damaging
rs2154549149,chr17:g.41256186T>G,0.73915,"[2.535, 2.535, 2.535, 2.535, 2.535]",Damaging
rs2154548980,chr17:g.41256174T>C,0.37223,"[1.485, 1.485, 1.485, 1.485, 1.485]",Damaging
rs2154548826,chr17:g.41256163C>A,0.66415,"[2.32, 2.32, 2.32, 2.32, 2.32]",Damaging
rs2154548826,chr17:g.41256163C>G,0.66415,"[2.32, 2.32, 2.32, 2.32, 2.32]",Damaging
rs2154548806,chr17:g.41256162T>A,0.65703,"[2.3, 2.3, 2.3, 2.3, 2.3]",Damaging
rs2154548806,chr17:g.41256162T>C,0.52479,"[1.95, 1.95, 1.95, 1.95, 1.95]",Damaging
rs2154548776,chr17:g.41256159C>T,0.71248,"[2.455, 2.455, 2.455, 2.455, 2.455]",Damaging
rs2154548771,chr17:g.41256158T>A,0.71248,"[2.455, 2.455, 2.455, 2.455, 2.455]",Damaging
rs2154548696,chr17:g.41256150T>A,0.67151,"[2.34, 2.34, 2.34, 2.34, 2.34]",Damaging
rs2154548676,chr17:g.41256149T>A,0.67151,"[2.34, 2.34, 2.34, 2.34, 2.34]",Damaging
rs2154548676,chr17:g.41256149T>G,0.67151,"[2.34, 2.34, 2.34, 2.34, 2.34]",Damaging
rs2154529928,chr17:g.41251891T>A,0.54354,"[2.0, 2.0, 2.0, 2.0, 2.0]",Damaging
rs2154529928,chr17:g.41251891T>C,0.54354,"[2.0, 2.0, 2.0, 2.0, 2.0]",Damaging
rs2154529443,chr17:g.41251866T>A,0.63355,"[2.24, 2.24, 2.24, 2.24, 2.24]",Damaging
rs2154529443,chr17:g.41251866T>C,0.63355,"[2.24, 2.24, 2.24, 2.24, 2.24]",Damaging
rs2154529401,chr17:g.41251864G>A,0.42885,"[1.67, 1.67, 1.67, 1.67, 1.67]",Damaging
rs2154529401,chr17:g.41251864G>C,0.67893,"[2.36, 2.36, 2.36, 2.36, 2.36]",Damaging
rs2154529401,chr17:g.41251864G>T,0.67893,"[2.36, 2.36, 2.36, 2.36, 2.36]",Damaging
rs2154529395,chr17:g.41251863A>T,0.67893,"[2.36, 2.36, 2.36, 2.36, 2.36]",Damaging
rs2154529293,chr17:g.41251858T>A,0.06538,"[0.0, 0.0, 0.0, 0.0, 0.0]",Damaging
rs2154529293,chr17:g.41251858T>C,0.06538,"[0.0, 0.0, 0.0, 0.0, 0.0]",Damaging
rs2154529293,chr17:g.41251858T>G,0.06538,"[0.0, 0.0, 0.0, 0.0, 0.0]",Damaging
rs2154529157,chr17:g.41251852T>C,0.66415,"[2.32, 2.32, 2.32, 2.32, 2.32]",Damaging
rs2154529115,chr17:g.41251850T>A,0.66415,"[2.32, 2.32, 2.32, 2.32, 2.32]",Damaging
rs2154528996,chr17:g.41251845A>G,0.63811,"[2.25, 2.25, 2.25, 2.25, 2.25]",Damaging
rs2154528962,chr17:g.41251843T>A,0.67516,"[2.35, 2.35, 2.35, 2.35, 2.35]",Damaging
rs2154528962,chr17:g.41251843T>C,0.67516,"[2.35, 2.35, 2.35, 2.35, 2.35]",Damaging
rs2154528825,chr17:g.41251835C>G,0.37844,"[1.5, 1.5, 1.5, 1.5, 1.5]",Damaging
rs2154528497,chr17:g.41251822G>A,0.28775,"[1.12, 1.12, 1.12, 1.12, 1.12]",Damaging
rs2154528497,chr17:g.41251822G>C,0.62545,"[2.215, 2.215, 2.215, 2.215, 2.215]",Damaging
rs2154528497,chr17:g.41251822G>T,0.62545,"[2.215, 2.215, 2.215, 2.215, 2.215]",Damaging
rs2154528369,chr17:g.41251815T>C,0.22405,"[0.895, 0.895, 0.895, 0.895, 0.895]",Damaging
rs2154528323,chr17:g.41251813T>A,0.06538,"[0.0, 0.0, 0.0, 0.0, 0.0]",Damaging
rs2154528323,chr17:g.41251813T>G,0.06538,"[0.0, 0.0, 0.0, 0.0, 0.0]",Damaging
rs2154527988,chr17:g.41251797T>A,0.68558,"[2.38, 2.38, 2.38, 2.38, 2.38]",Damaging
rs2154521647,chr17:g.41249301C>A,0.73915,"[2.535, 2.535, 2.535, 2.535, 2.535]",Damaging
rs2154521647,chr17:g.41249301C>G,0.73915,"[2.535, 2.535, 2.535, 2.535, 2.535]",Damaging
rs2154521647,chr17:g.41249301C>T,0.73915,"[2.535, 2.535, 2.535, 2.535, 2.535]",Damaging
rs2154521628,chr17:g.41249300T>A,0.73915,"[2.535, 2.535, 2.535, 2.535, 2.535]",Damaging
rs2154521628,chr17:g.41249300T>C,0.73915,"[2.535, 2.535, 2.535, 2.535, 2.535]",Damaging
rs2154521553,chr17:g.41249294G>A,0.73915,"[2.535, 2.535, 2.535, 2.535, 2.535]",Damaging
rs2154521553,chr17:g.41249294G>C,0.73915,"[2.535, 2.535, 2.535, 2.535, 2.535]",Damaging
rs2154521501,chr17:g.41249289C>A,0.67151,"[2.34, 2.34, 2.34, 2.34, 2.34]",Damaging
rs2154521501,chr17:g.41249289C>G,0.67151,"[2.34, 2.34, 2.34, 2.34, 2.34]",Damaging
rs2154521501,chr17:g.41249289C>T,0.67151,"[2.34, 2.34, 2.34, 2.34, 2.34]",Damaging
rs2154521310,chr17:g.41249280T>A,0.68882,"[2.39, 2.39, 2.39, 2.39, 2.39]",Damaging
rs2154521204,chr17:g.41249274C>A,0.44537,"[1.725, 1.725, 1.725, 1.725, 1.725]",Damaging
rs2154521204,chr17:g.41249274C>G,0.34346,"[1.38, 1.38, 1.38, 1.38, 1.38]",Damaging
rs2154521204,chr17:g.41249274C>T,0.57047,"[2.075, 2.075, 2.075, 2.075, 2.075]",Damaging
rs2154521161,chr17:g.41249271T>A,0.01311,"[-0.92, -0.92, -0.92, -0.92, -0.92]",Damaging
rs2154521161,chr17:g.41249271T>C,0.16971,"[0.69, 0.69, 0.69, 0.69, 0.69]",Damaging
rs2154521151,chr17:g.41249270G>C,0.01311,"[-0.92, -0.92, -0.92, -0.92, -0.92]",Damaging
rs2154521073,chr17:g.41249265A>T,0.56016,"[2.045, 2.045, 2.045, 2.045, 2.045]",Damaging
rs2154521053,chr17:g.41249264C>A,0.33814,"[1.355, 1.355, 1.355, 1.355, 1.355]",Damaging
rs2154521053,chr17:g.41249264C>G,0.56016,"[2.045, 2.045, 2.045, 2.045, 2.045]",Damaging
rs2154521053,chr17:g.41249264C>T,0.16292,"[0.665, 0.665, 0.665, 0.665, 0.665]",Damaging
rs2154515192,chr17:g.41247931T>G,0.71248,"[2.455, 2.455, 2.455, 2.455, 2.455]",Damaging
rs2154515061,chr17:g.41247927T>A,0.09667,"[0.235, 0.235, 0.235, 0.235, 0.235]",Damaging
rs2154515011,chr17:g.41247925T>A,0.68558,"[2.38, 2.38, 2.38, 2.38, 2.38]",Damaging
rs2154515011,chr17:g.41247925T>C,0.37223,"[1.485, 1.485, 1.485, 1.485, 1.485]",Damaging
rs2154514990,chr17:g.41247924T>A,0.55589,"[2.035, 2.035, 2.035, 2.035, 2.035]",Damaging
rs2154514962,chr17:g.41247923A>T,0.70002,"[2.42, 2.42, 2.42, 2.42, 2.42]",Damaging
rs2154514871,chr17:g.41247920A>C,0.71715,"[2.47, 2.47, 2.47, 2.47, 2.47]",Damaging
rs2154514871,chr17:g.41247920A>T,0.71715,"[2.47, 2.47, 2.47, 2.47, 2.47]",Damaging
rs2154514633,chr17:g.41247913A>C,0.33002,"[1.32, 1.32, 1.32, 1.32, 1.32]",Damaging
rs2154514633,chr17:g.41247913A>G,0.15267,"[0.57, 0.57, 0.57, 0.57, 0.57]",Damaging
rs2154514633,chr17:g.41247913A>T,0.55033,"[2.015, 2.015, 2.015, 2.015, 2.015]",Damaging
rs2154514116,chr17:g.41247899T>A,0.26193,"[1.04, 1.04, 1.04, 1.04, 1.04]",Damaging
rs2154514116,chr17:g.41247899T>C,0.00672,"[-1.34, -1.34, -1.34, -1.34, -1.34]",Damaging
rs2154513936,chr17:g.41247891A>C,0.29295,"[1.15, 1.15, 1.15, 1.15, 1.15]",Damaging
rs2154513936,chr17:g.41247891A>T,0.29295,"[1.15, 1.15, 1.15, 1.15, 1.15]",Damaging
rs2154513879,chr17:g.41247886A>C,0.06538,"[0.0, 0.0, 0.0, 0.0, 0.0]",Damaging
rs2154513879,chr17:g.41247886A>T,0.06538,"[0.0, 0.0, 0.0, 0.0, 0.0]",Damaging
rs2154513822,chr17:g.41247884T>C,0.40313,"[1.59, 1.59, 1.59, 1.59, 1.59]",Damaging
rs2154513781,chr17:g.41247882A>C,0.31408,"[1.245, 1.245, 1.245, 1.245, 1.245]",Damaging
rs2154513781,chr17:g.41247882A>T,0.31408,"[1.245, 1.245, 1.245, 1.245, 1.245]",Damaging
rs2154513660,chr17:g.41247876A>C,0.46185,"[1.78, 1.78, 1.78, 1.78, 1.78]",Damaging
rs2154513649,chr17:g.41247875A>T,0.40313,"[1.59, 1.59, 1.59, 1.59, 1.59]",Damaging
rs2154513497,chr17:g.41247866T>C,0.56016,"[2.045, 2.045, 2.045, 2.045, 2.045]",Damaging
rs2154513497,chr17:g.41247866T>G,0.48678,"[1.845, 1.845, 1.845, 1.845, 1.845]",Damaging
rs2154500780,chr17:g.41246875C>A,0.67151,"[2.34, 2.34, 2.34, 2.34]",Damaging
rs2154500780,chr17:g.41246875C>G,0.42016,"[1.645, 1.645, 1.645, 1.645]",Damaging
rs2154500461,chr17:g.41246872A>T,0.72935,"[2.505, 2.505, 2.505, 2.505]",Damaging
rs2154499747,chr17:g.41246866A>G,0.68558,"[2.38, 2.38, 2.38, 2.38]",Damaging
rs2154499747,chr17:g.41246866A>T,0.43254,"[1.685, 1.685, 1.685, 1.685]",Damaging
rs2154499090,chr17:g.41246859T>A,0.70002,"[2.42, 2.42, 2.42, 2.42]",Damaging
rs2154499090,chr17:g.41246859T>C,0.44537,"[1.725, 1.725, 1.725, 1.725]",Damaging
rs2154498950,chr17:g.41246857T>A,0.06538,"[0.0, 0.0, 0.0, 0.0]",Damaging
rs2154498005,chr17:g.41246850A>C,0.11182,"[0.345, 0.345, 0.345, 0.345]",Damaging
rs2154498005,chr17:g.41246850A>G,0.11182,"[0.345, 0.345, 0.345, 0.345]",Damaging
rs2154498005,chr17:g.41246850A>T,0.11182,"[0.345, 0.345, 0.345, 0.345]",Damaging
rs2154497564,chr17:g.41246845T>A,0.70455,"[2.43, 2.43, 2.43, 2.43]",Damaging
rs2154497564,chr17:g.41246845T>G,0.70455,"[2.43, 2.43, 2.43, 2.43]",Damaging
rs2154497112,chr17:g.41246842T>A,0.26193,"[1.04, 1.04, 1.04, 1.04]",Damaging
rs2154496548,chr17:g.41246839C>G,0.56016,"[2.045, 2.045, 2.045, 2.045]",Damaging
rs2154496548,chr17:g.41246839C>T,0.68882,"[2.39, 2.39, 2.39, 2.39]",Damaging
rs2154496030,chr17:g.41246837T>A,0.48678,"[1.845, 1.845, 1.845, 1.845]",Damaging
rs2154495905,chr17:g.41246836G>A,0.24501,"[0.975, 0.975, 0.975, 0.975]",Damaging
rs2154495905,chr17:g.41246836G>C,0.57047,"[2.075, 2.075, 2.075, 2.075]",Damaging
rs2154495460,chr17:g.41246829T>A,0.68558,"[2.38, 2.38, 2.38, 2.38]",Damaging
rs2154495230,chr17:g.41246820T>A,0.36358,"[1.445, 1.445, 1.445, 1.445]",Damaging
rs2154495155,chr17:g.41246818T>A,0.22405,"[0.895, 0.895, 0.895, 0.895]",Damaging
rs2154495099,chr17:g.41246817T>A,0.22405,"[0.895, 0.895, 0.895, 0.895]",Damaging
rs2154494653,chr17:g.41246808T>A,0.22405,"[0.895, 0.895, 0.895, 0.895]",Damaging
rs2154494653,chr17:g.41246808T>C,0.40313,"[1.59, 1.59, 1.59, 1.59]",Damaging
rs2154494653,chr17:g.41246808T>G,0.05091,"[-0.02, -0.02, -0.02, -0.02]",Damaging
rs2154494225,chr17:g.41246799T>A,0.60977,"[2.175, 2.175, 2.175, 2.175]",Damaging
rs2154494137,chr17:g.41246797T>C,0.47472,"[1.8, 1.8, 1.8, 1.8]",Damaging
rs2154494110,chr17:g.41246795C>A,0.42436,"[1.655, 1.655, 1.655, 1.655]",Damaging
rs2154494110,chr17:g.41246795C>G,0.42436,"[1.655, 1.655, 1.655, 1.655]",Damaging
rs2154493819,chr17:g.41246788C>A,0.37844,"[1.5, 1.5, 1.5, 1.5]",Damaging
rs2154493819,chr17:g.41246788C>G,0.37844,"[1.5, 1.5, 1.5, 1.5]",Damaging
rs2154493819,chr17:g.41246788C>T,0.02036,"[-0.675, -0.675, -0.675, -0.675]",Damaging
rs2154493786,chr17:g.41246787G>A,0.37844,"[1.5, 1.5, 1.5, 1.5]",Damaging
rs2154493786,chr17:g.41246787G>C,0.37844,"[1.5, 1.5, 1.5, 1.5]",Damaging
rs2154493786,chr17:g.41246787G>T,0.37844,"[1.5, 1.5, 1.5, 1.5]",Damaging
rs2154493683,chr17:g.41246784T>A,0.70455,"[2.43, 2.43, 2.43, 2.43]",Damaging
rs2154493359,chr17:g.41246778T>C,0.57729,"[2.085, 2.085, 2.085, 2.085]",Damaging
rs2154493359,chr17:g.41246778T>G,0.70455,"[2.43, 2.43, 2.43, 2.43]",Damaging
rs2154493327,chr17:g.41246777A>C,0.70455,"[2.43, 2.43, 2.43, 2.43]",Damaging
rs2154493327,chr17:g.41246777A>T,0.70455,"[2.43, 2.43, 2.43, 2.43]",Damaging
rs2154493277,chr17:g.41246776G>A,0.55589,"[2.035, 2.035, 2.035, 2.035]",Damaging
rs2154493277,chr17:g.41246776G>C,0.68558,"[2.38, 2.38, 2.38, 2.38]",Damaging
rs2154493277,chr17:g.41246776G>T,0.43254,"[1.685, 1.685, 1.685, 1.685]",Damaging
rs2154493173,chr17:g.41246773C>T,0.71715,"[2.47, 2.47, 2.47, 2.47]",Damaging
rs2154493105,chr17:g.41246771T>A,0.71715,"[2.47, 2.47, 2.47, 2.47]",Damaging
rs2154492894,chr17:g.41246766T>A,0.65703,"[2.3, 2.3, 2.3, 2.3]",Damaging
rs2154492894,chr17:g.41246766T>G,0.52871,"[1.955, 1.955, 1.955, 1.955]",Damaging
rs2154492421,chr17:g.41246754G>A,0.66415,"[2.32, 2.32]",Damaging
rs2154492421,chr17:g.41246754G>C,0.53506,"[1.975, 1.975]",Damaging
rs2154492345,chr17:g.41246752C>A,0.63355,"[2.24, 2.24]",Damaging
rs2154492345,chr17:g.41246752C>G,0.50145,"[1.89, 1.89]",Damaging
rs2154492345,chr17:g.41246752C>T,0.50145,"[1.89, 1.89]",Damaging
rs2154492303,chr17:g.41246751A>C,0.39105,"[1.545, 1.545]",Damaging
rs2154492303,chr17:g.41246751A>G,0.50145,"[1.89, 1.89]",Damaging
rs2154492303,chr17:g.41246751A>T,0.63355,"[2.24, 2.24]",Damaging
rs2154492076,chr17:g.41246743A>T,0.90531,"[3.305, 3.305]",Damaging
