rsId,HGVS Id,Chromosome_Coordinates
rs2130336911,chr8:g.142917806G>A,"8,142917806,1,G/A"
rs2130336495,chr8:g.142917683A>G,"8,142917683,1,A/G"
rs2130335208,chr8:g.142917169C>G,"8,142917169,1,C/G"
rs2130335076,chr8:g.142917124C>G,"8,142917124,1,C/G"
rs2130331124,chr8:g.142915204G>C,"8,142915204,1,G/C"
rs2130329910,chr8:g.142914785A>T,"8,142914785,1,A/T"
rs2130329908,chr8:g.142914784C>A,"8,142914784,1,C/A"
rs2130329698,chr8:g.142914707T>C,"8,142914707,1,T/C"
rs2130326829,chr8:g.142913430T>C,"8,142913430,1,T/C"
rs2130326797,chr8:g.142913419C>A,"8,142913419,1,C/A"
rs2130326398,chr8:g.142913315A>C,"8,142913315,1,A/C"
rs2130325303,chr8:g.142912823T>C,"8,142912823,1,T/C"
rs2130325264,chr8:g.142912809C>G,"8,142912809,1,C/G"
rs1817676833,chr8:g.142917825T>G,"8,142917825,1,T/G"
rs1817676727,chr8:g.142917817C>G,"8,142917817,1,C/G"
rs1817676630,chr8:g.142917812C>T,"8,142917812,1,C/T"
rs1817675774,chr8:g.142917764G>C,"8,142917764,1,G/C"
rs1817675007,chr8:g.142917747G>T,"8,142917747,1,G/T"
rs1817674215,chr8:g.142917732G>A,"8,142917732,1,G/A"
rs1817673849,chr8:g.142917719A>G,"8,142917719,1,A/G"
rs1817673617,chr8:g.142917712C>G,"8,142917712,1,C/G"
rs1817672320,chr8:g.142917681G>C,"8,142917681,1,G/C"
rs1817672269,chr8:g.142917679C>G,"8,142917679,1,C/G"
rs1817671838,chr8:g.142917663C>A,"8,142917663,1,C/A"
rs1817671838,chr8:g.142917663C>T,"8,142917663,1,C/T"
rs1817671593,chr8:g.142917656T>C,"8,142917656,1,T/C"
rs1817670347,chr8:g.142917611G>A,"8,142917611,1,G/A"
rs1817662864,chr8:g.142917201C>T,"8,142917201,1,C/T"
rs1817662837,chr8:g.142917200C>T,"8,142917200,1,C/T"
rs1817661886,chr8:g.142917155A>T,"8,142917155,1,A/T"
rs1817661346,chr8:g.142917125C>T,"8,142917125,1,C/T"
rs1817661197,chr8:g.142917116A>C,"8,142917116,1,A/C"
rs1817660949,chr8:g.142917108A>G,"8,142917108,1,A/G"
rs1817660595,chr8:g.142917095C>T,"8,142917095,1,C/T"
rs1817660495,chr8:g.142917089T>C,"8,142917089,1,T/C"
rs1817660324,chr8:g.142917084C>T,"8,142917084,1,C/T"
rs1817623564,chr8:g.142915223T>C,"8,142915223,1,T/C"
rs1817622774,chr8:g.142915196G>C,"8,142915196,1,G/C"
rs1817622721,chr8:g.142915195A>G,"8,142915195,1,A/G"
rs1817622208,chr8:g.142915184C>A,"8,142915184,1,C/A"
rs1817619939,chr8:g.142915119C>G,"8,142915119,1,C/G"
rs1817619450,chr8:g.142915111A>C,"8,142915111,1,A/C"
rs1817618619,chr8:g.142915097C>A,"8,142915097,1,C/A"
rs1817618429,chr8:g.142915091G>T,"8,142915091,1,G/T"
rs1817618401,chr8:g.142915090A>G,"8,142915090,1,A/G"
rs1817618040,chr8:g.142915065G>C,"8,142915065,1,G/C"
rs1817617918,chr8:g.142915060T>C,"8,142915060,1,T/C"
rs1817617882,chr8:g.142915057T>C,"8,142915057,1,T/C"
rs1817613543,chr8:g.142914900A>T,"8,142914900,1,A/T"
rs1817613384,chr8:g.142914893A>T,"8,142914893,1,A/T"
rs1817613329,chr8:g.142914884T>C,"8,142914884,1,T/C"
rs1817612753,chr8:g.142914862G>C,"8,142914862,1,G/C"
rs1817612722,chr8:g.142914859G>A,"8,142914859,1,G/A"
rs1817612722,chr8:g.142914859G>T,"8,142914859,1,G/T"
rs1817612403,chr8:g.142914834G>A,"8,142914834,1,G/A"
rs1817612311,chr8:g.142914831G>A,"8,142914831,1,G/A"
rs1817612311,chr8:g.142914831G>C,"8,142914831,1,G/C"
rs1817612167,chr8:g.142914828C>T,"8,142914828,1,C/T"
rs1817611752,chr8:g.142914806G>T,"8,142914806,1,G/T"
rs1817610593,chr8:g.142914764C>G,"8,142914764,1,C/G"
rs1817600780,chr8:g.142914418C>A,"8,142914418,1,C/A"
rs1817600642,chr8:g.142914411G>C,"8,142914411,1,G/C"
rs1817600525,chr8:g.142914406A>G,"8,142914406,1,A/G"
rs1817597913,chr8:g.142914366T>A,"8,142914366,1,T/A"
rs1817597637,chr8:g.142914355C>T,"8,142914355,1,C/T"
rs1817597372,chr8:g.142914347C>T,"8,142914347,1,C/T"
rs1817596315,chr8:g.142914278C>T,"8,142914278,1,C/T"
rs1817595861,chr8:g.142914266T>C,"8,142914266,1,T/C"
rs1817578231,chr8:g.142913435A>G,"8,142913435,1,A/G"
rs1817577841,chr8:g.142913415C>A,"8,142913415,1,C/A"
rs1817577587,chr8:g.142913408T>C,"8,142913408,1,T/C"
rs1817577587,chr8:g.142913408T>G,"8,142913408,1,T/G"
rs1817576449,chr8:g.142913375C>T,"8,142913375,1,C/T"
rs1817575887,chr8:g.142913360G>A,"8,142913360,1,G/A"
rs1817575728,chr8:g.142913342G>A,"8,142913342,1,G/A"
rs1817575620,chr8:g.142913338C>G,"8,142913338,1,C/G"
rs1817574791,chr8:g.142913303G>C,"8,142913303,1,G/C"
rs1817564792,chr8:g.142912860C>G,"8,142912860,1,C/G"
rs1817564485,chr8:g.142912853A>C,"8,142912853,1,A/C"
rs1817564017,chr8:g.142912832A>G,"8,142912832,1,A/G"
rs1817563927,chr8:g.142912820T>C,"8,142912820,1,T/C"
rs1817560561,chr8:g.142912712A>C,"8,142912712,1,A/C"
rs1817560257,chr8:g.142912702G>A,"8,142912702,1,G/A"
rs1817560098,chr8:g.142912696C>T,"8,142912696,1,C/T"
rs1817559816,chr8:g.142912690T>C,"8,142912690,1,T/C"
rs1817559816,chr8:g.142912690T>G,"8,142912690,1,T/G"
rs1817559591,chr8:g.142912687G>A,"8,142912687,1,G/A"
rs1817559457,chr8:g.142912681A>G,"8,142912681,1,A/G"
rs1817559368,chr8:g.142912679A>G,"8,142912679,1,A/G"
rs1817558554,chr8:g.142912661A>G,"8,142912661,1,A/G"
rs1817556872,chr8:g.142912609T>G,"8,142912609,1,T/G"
rs1817556420,chr8:g.142912598C>T,"8,142912598,1,C/T"
rs1817555101,chr8:g.142912557C>G,"8,142912557,1,C/G"
rs1817554420,chr8:g.142912535G>A,"8,142912535,1,G/A"
rs1817545728,chr8:g.142912051T>A,"8,142912051,1,T/A"
rs1817545598,chr8:g.142912043C>A,"8,142912043,1,C/A"
rs1817545422,chr8:g.142912038T>C,"8,142912038,1,T/C"
rs1817544665,chr8:g.142912030T>C,"8,142912030,1,T/C"
rs1817544100,chr8:g.142912009G>A,"8,142912009,1,G/A"
rs1817543401,chr8:g.142911994T>A,"8,142911994,1,T/A"
rs1817543401,chr8:g.142911994T>C,"8,142911994,1,T/C"
rs1586576765,chr8:g.142917111G>A,"8,142917111,1,G/A"
rs1586575571,chr8:g.142915114A>C,"8,142915114,1,A/C"
rs1586575300,chr8:g.142914804T>G,"8,142914804,1,T/G"
