rsid,HGVSId,Phred Coding,Raw Coding,Raw Coding Rankscore,Prediction
rs2130336911,chr8:g.143999222G>A,1.915556,-0.186177423529278,0.3371,Damaging
rs2130336495,chr8:g.143999099A>G,3.129505,0.15971246924649,0.49272,Damaging
rs2130335208,chr8:g.143998585C>G,0.2817448,-1.12867298141508,0.06138,Tolerant
rs2130335076,chr8:g.143998540C>G,2.173098,-0.100548532270436,0.37368,Damaging
rs2130331124,chr8:g.143996620G>C,0.7793219,-0.719992019218157,0.15461,Damaging
rs2130329910,chr8:g.143996201A>T,1.633632,-0.292003382692688,0.29455,Damaging
rs2130329908,chr8:g.143996200C>A,0.4579216,-0.951657549242717,0.09656,Tolerant
rs2130329698,chr8:g.143996123T>C,3.13484,0.160969772445124,0.49332,Damaging
rs2130326829,chr8:g.143994846T>C,1.172375,-0.502106349298153,0.22012,Damaging
rs2130326797,chr8:g.143994835C>A,3.731842,0.290729507096356,0.55677,Damaging
rs2130326398,chr8:g.143994731A>C,4.871593,0.478322376640852,0.65827,Damaging
rs2130325303,chr8:g.143994239T>C,4.471269,0.420272159542564,0.62538,Damaging
rs2130325264,chr8:g.143994225C>G,5.316345,0.534594458580122,0.6915,Damaging
rs1817676833,chr8:g.143999241T>G,0.4186015,-0.986557129777571,0.08889,Tolerant
rs1817676727,chr8:g.143999233C>G,0.006244907,-2.07417191579281,0.00146,Tolerant
rs1817676630,chr8:g.143999228C>T,0.4334034,-0.97315866322221,0.0918,Tolerant
rs1817675774,chr8:g.143999180G>C,0.935384,-0.629129765609604,0.18073,Damaging
rs1817675007,chr8:g.143999163G>T,1.667222,-0.278596871404349,0.29976,Damaging
rs1817674215,chr8:g.143999148G>A,3.424947,0.227028150273786,0.52512,Damaging
rs1817673849,chr8:g.143999135A>G,1.848081,-0.210171815264519,0.32715,Damaging
rs1817673617,chr8:g.143999128C>G,0.5638793,-0.865959547241037,0.11659,Damaging
rs1817672320,chr8:g.143999097G>C,1.330419,-0.424405787625766,0.24617,Damaging
rs1817672269,chr8:g.143999095C>G,0.6221137,-0.822948817613262,0.12725,Damaging
rs1817671838,chr8:g.143999079C>A,2.523834,0.00357426418749174,0.42017,Damaging
rs1817671838,chr8:g.143999079C>T,1.892306,-0.194369398292184,0.33368,Damaging
rs1817671593,chr8:g.143999072T>C,1.57942,-0.31417040292243,0.2861,Damaging
rs1817670347,chr8:g.143999027G>A,6.457267,0.648615977671664,0.7628,Damaging
rs1817662864,chr8:g.143998617C>T,0.3297591,-1.07434069600105,0.07119,Tolerant
rs1817662837,chr8:g.143998616C>T,0.913993,-0.641220954647029,0.17716,Damaging
rs1817661886,chr8:g.143998571A>T,4.378578,0.405680810657236,0.61734,Damaging
rs1817661346,chr8:g.143998541C>T,3.572833,0.258535505511681,0.54061,Damaging
rs1817661197,chr8:g.143998532A>C,2.141404,-0.110612421588846,0.36929,Damaging
rs1817660949,chr8:g.143998524A>G,5.624009,0.569231432900749,0.71259,Damaging
rs1817660595,chr8:g.143998511C>T,4.987848,0.49382776223991,0.66729,Damaging
rs1817660495,chr8:g.143998505T>C,0.8634436,-0.670268792746642,0.16873,Damaging
rs1817660324,chr8:g.143998500C>T,1.087702,-0.545991026504073,0.20609,Damaging
rs1817623564,chr8:g.143996639T>C,0.1105568,-1.41557968607151,0.02501,Tolerant
rs1817622774,chr8:g.143996612G>C,3.082101,0.148360153733056,0.48735,Damaging
rs1817622721,chr8:g.143996611A>G,4.211502,0.37827503099618,0.60247,Damaging
rs1817622208,chr8:g.143996600C>A,0.6559526,-0.799209510969495,0.1333,Damaging
rs1817619939,chr8:g.143996535C>G,0.1102915,-1.41624943902284,0.02496,Tolerant
rs1817619450,chr8:g.143996527A>C,0.2840658,-1.12590523717149,0.06185,Tolerant
rs1817618619,chr8:g.143996513C>A,2.479946,-0.00881306891865719,0.41456,Damaging
rs1817618429,chr8:g.143996507G>T,0.8432646,-0.682017109790668,0.16534,Damaging
rs1817618401,chr8:g.143996506A>G,3.991598,0.339857861495985,0.58205,Damaging
rs1817618040,chr8:g.143996481G>C,1.436784,-0.375635747537091,0.26339,Damaging
rs1817617918,chr8:g.143996476T>C,0.2202082,-1.20961761976385,0.04859,Tolerant
rs1817617882,chr8:g.143996473T>C,3.766393,0.297496778661027,0.56022,Damaging
rs1817613543,chr8:g.143996316A>T,0.7347801,-0.74736295080759,0.14705,Damaging
rs1817613384,chr8:g.143996309A>T,5.870379,0.594742297811384,0.72845,Damaging
rs1817613329,chr8:g.143996300T>C,5.954694,0.603061026539359,0.73367,Damaging
rs1817612753,chr8:g.143996278G>C,0.03466615,-1.71136201033359,0.00802,Tolerant
rs1817612722,chr8:g.143996275G>T,0.5932079,-0.8439427970447,0.12198,Damaging
rs1817612403,chr8:g.143996250G>A,0.8291181,-0.69026155293985,0.16298,Damaging
rs1817612311,chr8:g.143996247G>A,1.33205,-0.423636782228586,0.24643,Damaging
rs1817612311,chr8:g.143996247G>C,0.303819,-1.10294700076929,0.0659,Tolerant
rs1817612167,chr8:g.143996244C>T,2.943999,0.114540712889953,0.4714,Damaging
rs1817611752,chr8:g.143996222G>T,5.18204,0.518451165905369,0.68181,Damaging
rs1817610593,chr8:g.143996180C>G,1.424559,-0.381084684625146,0.26144,Damaging
rs1817600780,chr8:g.143995834C>A,0.6674711,-0.791327705621661,0.13535,Damaging
rs1817600642,chr8:g.143995827G>C,0.008892595,-2.00391923770861,0.00208,Tolerant
rs1817600525,chr8:g.143995822A>G,2.240784,-0.0794165413538835,0.38296,Damaging
rs1817597913,chr8:g.143995782T>A,0.008692445,-2.00842401166473,0.00203,Tolerant
rs1817597637,chr8:g.143995771C>T,3.301508,0.199631063823676,0.51182,Damaging
rs1817597372,chr8:g.143995763C>T,1.030448,-0.576632829123804,0.19656,Damaging
rs1817596315,chr8:g.143995694C>T,5.84584,0.592273149386525,0.72691,Damaging
rs1817595861,chr8:g.143995682T>C,6.076785,0.614747590897795,0.74105,Damaging
rs1817578231,chr8:g.143994851A>G,3.335179,0.207217639947893,0.51547,Damaging
rs1817577841,chr8:g.143994831C>A,3.812609,0.306441699162398,0.56478,Damaging
rs1817577587,chr8:g.143994824T>C,3.63829,0.27199080824476,0.54733,Damaging
rs1817577587,chr8:g.143994824T>G,3.856384,0.314808755384067,0.56907,Damaging
rs1817576449,chr8:g.143994791C>T,2.438548,-0.0206696312190879,0.4092,Damaging
rs1817575887,chr8:g.143994776G>A,1.011302,-0.587012903026721,0.19338,Damaging
rs1817575728,chr8:g.143994758G>A,1.48822,-0.352927045868526,0.27165,Damaging
rs1817575620,chr8:g.143994754C>G,0.3280652,-1.07617022636205,0.07084,Tolerant
rs1817574791,chr8:g.143994719G>C,2.983956,0.124464255507922,0.47605,Damaging
rs1817564792,chr8:g.143994276C>G,0.33328,-1.07055456374879,0.07191,Tolerant
rs1817564485,chr8:g.143994269A>C,0.1673609,-1.29503408017987,0.03734,Tolerant
rs1817564017,chr8:g.143994248A>G,4.140888,0.366226672372664,0.59602,Damaging
rs1817563927,chr8:g.143994236T>C,1.196084,-0.49010402340234,0.22405,Damaging
rs1817560561,chr8:g.143994128A>C,0.1952564,-1.24764251318019,0.04331,Tolerant
rs1817560257,chr8:g.143994118G>A,2.417402,-0.0267657443113737,0.40646,Damaging
rs1817560098,chr8:g.143994112C>T,5.498412,0.555484352674702,0.70415,Damaging
rs1817559816,chr8:g.143994106T>C,0.5564875,-0.871586551151795,0.11522,Damaging
rs1817559816,chr8:g.143994106T>G,1.646693,-0.286765983196153,0.29659,Damaging
rs1817559591,chr8:g.143994103G>A,1.300763,-0.438541862447488,0.24131,Damaging
rs1817559457,chr8:g.143994097A>G,0.4432642,-0.964421834419807,0.09372,Tolerant
rs1817559368,chr8:g.143994095A>G,3.899117,0.322833541629356,0.5732,Damaging
rs1817558554,chr8:g.143994077A>G,3.177192,0.170960043236711,0.49807,Damaging
rs1817556872,chr8:g.143994025T>G,1.291139,-0.443169600636043,0.23972,Damaging
rs1817556420,chr8:g.143994014C>T,3.980797,0.337894259573732,0.58102,Damaging
rs1817555101,chr8:g.143993973C>G,0.5434339,-0.881684248482989,0.11278,Damaging
rs1817554420,chr8:g.143993951G>A,4.293506,0.39190009029821,0.60984,Damaging
rs1817545728,chr8:g.143993467T>A,0.01807905,-1.85688975605873,0.0042,Tolerant
rs1817545598,chr8:g.143993459C>A,1.020199,-0.582192964016756,0.19486,Damaging
rs1817545422,chr8:g.143993454T>C,0.4876769,-0.926464824399512,0.10227,Tolerant
rs1817544665,chr8:g.143993446T>C,0.4192859,-0.985922719225128,0.08903,Tolerant
rs1817544100,chr8:g.143993425G>A,3.945395,0.331400209579784,0.57767,Damaging
rs1817543401,chr8:g.143993410T>A,2.883514,0.0993215407898981,0.46429,Damaging
rs1817543401,chr8:g.143993410T>C,2.098799,-0.124352011542603,0.36333,Damaging
rs1586576765,chr8:g.143998527G>A,3.271031,0.192701455787555,0.50847,Damaging
rs1586575571,chr8:g.143996530A>C,2.9597,0.118450414299645,0.47325,Damaging
rs1586575300,chr8:g.143996220T>G,5.871666,0.5948717450068,0.72855,Damaging
