rsid,HGVSId,Score,Prediction
rs2130336911,chr8:g.143999222G>A,0.54864,-2.53,Damaging
rs2130336495,chr8:g.143999099A>G,0.8191,-4.95,Damaging
rs2130335208,chr8:g.143998585C>G,0.51968,-2.35,Tolerant
rs2130335076,chr8:g.143998540C>G,0.84601,-5.33,Damaging
rs2130331124,chr8:g.143996620G>C,0.74582,-4.06,Damaging
rs2130329910,chr8:g.143996201A>T,0.73267,-3.93,Damaging
rs2130329908,chr8:g.143996200C>A,0.23808,-0.88,Tolerant
rs2130329698,chr8:g.143996123T>C,0.94223,-7.2,Damaging
rs2130326829,chr8:g.143994846T>C,0.69236,-3.59,Damaging
rs2130326797,chr8:g.143994835C>A,0.60188,-2.86,Damaging
rs2130326398,chr8:g.143994731A>C,0.86686,-5.61,Damaging
rs2130325303,chr8:g.143994239T>C,0.96635,-8.07,Damaging
rs2130325264,chr8:g.143994225C>G,0.94702,-7.38,Damaging
rs1817676833,chr8:g.143999241T>G,0.32185,-1.28,Tolerant
rs1817676727,chr8:g.143999233C>G,0.10656,-0.23,Tolerant
rs1817676630,chr8:g.143999228C>T,0.42957,-1.83,Tolerant
rs1817675774,chr8:g.143999180G>C,0.50337,-2.25,Tolerant
rs1817675007,chr8:g.143999163G>T,0.71882,-3.81,Damaging
rs1817674215,chr8:g.143999148G>A,0.89334,-5.98,Damaging
rs1817673849,chr8:g.143999135A>G,0.55821,-2.59,Damaging
rs1817673617,chr8:g.143999128C>G,0.51319,-2.31,Tolerant
rs1817672320,chr8:g.143999097G>C,0.42763,-1.82,Tolerant
rs1817672269,chr8:g.143999095C>G,0.62518,-3.01,Damaging
rs1817671838,chr8:g.143999079C>A,0.91827,-6.55,Damaging
rs1817671838,chr8:g.143999079C>T,0.73579,-3.96,Damaging
rs1817671593,chr8:g.143999072T>C,0.79659,-4.68,Damaging
rs1817670347,chr8:g.143999027G>A,0.97381,-8.55,Damaging
rs1817662864,chr8:g.143998617C>T,0.54217,-2.49,Tolerant
rs1817662837,chr8:g.143998616C>T,0.58569,-2.76,Damaging
rs1817661886,chr8:g.143998571A>T,0.82141,-4.98,Damaging
rs1817661346,chr8:g.143998541C>T,0.56945,-2.66,Damaging
rs1817661197,chr8:g.143998532A>C,0.75139,-4.13,Damaging
rs1817660949,chr8:g.143998524A>G,0.99733,-12.43,Damaging
rs1817660595,chr8:g.143998511C>T,0.56945,-2.66,Damaging
rs1817660495,chr8:g.143998505T>C,0.75375,-4.16,Damaging
rs1817660324,chr8:g.143998500C>T,0.67129,-3.41,Damaging
rs1817623564,chr8:g.143996639T>C,0.49684,-2.21,Tolerant
rs1817622774,chr8:g.143996612G>C,0.5083,-2.28,Tolerant
rs1817622721,chr8:g.143996611A>G,0.90771,-6.3,Damaging
rs1817622208,chr8:g.143996600C>A,0.4085,-1.72,Tolerant
rs1817619939,chr8:g.143996535C>G,0.44471,-1.91,Tolerant
rs1817619450,chr8:g.143996527A>C,0.3698,-1.52,Tolerant
rs1817618619,chr8:g.143996513C>A,0.87611,-5.73,Damaging
rs1817618429,chr8:g.143996507G>T,0.31981,-1.27,Tolerant
rs1817618401,chr8:g.143996506A>G,0.86758,-5.62,Damaging
rs1817618040,chr8:g.143996481G>C,0.38151,-1.58,Tolerant
rs1817617918,chr8:g.143996476T>C,0.15178,-0.47,Tolerant
rs1817617882,chr8:g.143996473T>C,0.94457,-7.29,Damaging
rs1817613543,chr8:g.143996316A>T,0.17624,-0.59,Tolerant
rs1817613384,chr8:g.143996309A>T,0.91912,-6.57,Damaging
rs1817613329,chr8:g.143996300T>C,0.91268,-6.42,Damaging
rs1817612753,chr8:g.143996278G>C,0.48523,-2.14,Tolerant
rs1817612722,chr8:g.143996275G>T,0.46842,-2.04,Tolerant
rs1817612403,chr8:g.143996250G>A,0.55501,-2.57,Damaging
rs1817612311,chr8:g.143996247G>A,0.65858,-3.3,Damaging
rs1817612311,chr8:g.143996247G>C,0.67705,-3.46,Damaging
rs1817612167,chr8:g.143996244C>T,0.67589,-3.45,Damaging
rs1817611752,chr8:g.143996222G>T,0.79829,-4.7,Damaging
rs1817610593,chr8:g.143996180C>G,0.96191,-7.9,Damaging
rs1817600780,chr8:g.143995834C>A,0.41046,-1.73,Tolerant
rs1817600642,chr8:g.143995827G>C,0.09627,-0.17,Tolerant
rs1817600525,chr8:g.143995822A>G,0.75375,-4.16,Damaging
rs1817597913,chr8:g.143995782T>A,0.54217,-2.49,Tolerant
rs1817597637,chr8:g.143995771C>T,0.78222,-4.51,Damaging
rs1817597372,chr8:g.143995763C>T,0.59873,-2.84,Damaging
rs1817596315,chr8:g.143995694C>T,0.94196,-7.19,Damaging
rs1817595861,chr8:g.143995682T>C,0.79571,-4.67,Damaging
rs1817578231,chr8:g.143994851A>G,0.78302,-4.52,Damaging
rs1817577841,chr8:g.143994831C>A,0.59059,-2.79,Damaging
rs1817577587,chr8:g.143994824T>C,0.75854,-4.22,Damaging
rs1817577587,chr8:g.143994824T>G,0.82063,-4.97,Damaging
rs1817576449,chr8:g.143994791C>T,0.48354,-2.13,Tolerant
rs1817575887,chr8:g.143994776G>A,0.57275,-2.68,Damaging
rs1817575728,chr8:g.143994758G>A,0.88289,-5.82,Damaging
rs1817575620,chr8:g.143994754C>G,0.64019,-3.14,Damaging
rs1817574791,chr8:g.143994719G>C,0.68056,-3.49,Damaging
rs1817564792,chr8:g.143994276C>G,0.2186,-0.79,Tolerant
rs1817564485,chr8:g.143994269A>C,0.73893,-3.99,Damaging
rs1817564017,chr8:g.143994248A>G,0.89833,-6.06,Damaging
rs1817563927,chr8:g.143994236T>C,0.89272,-5.97,Damaging
rs1817560561,chr8:g.143994128A>C,0.47008,-2.05,Tolerant
rs1817560257,chr8:g.143994118G>A,0.71157,-3.75,Damaging
rs1817560098,chr8:g.143994112C>T,0.89334,-5.98,Damaging
rs1817559816,chr8:g.143994106T>C,0.49684,-2.21,Tolerant
rs1817559816,chr8:g.143994106T>G,0.67014,-3.4,Damaging
rs1817559591,chr8:g.143994103G>A,0.25551,-0.96,Tolerant
rs1817559457,chr8:g.143994097A>G,0.65512,-3.27,Damaging
rs1817559368,chr8:g.143994095A>G,0.83157,-5.12,Damaging
rs1817558554,chr8:g.143994077A>G,0.76576,-4.31,Damaging
rs1817556872,chr8:g.143994025T>G,0.8283,-5.07,Damaging
rs1817556420,chr8:g.143994014C>T,0.83092,-5.11,Damaging
rs1817555101,chr8:g.143993973C>G,0.54217,-2.49,Tolerant
rs1817554420,chr8:g.143993951G>A,0.64593,-3.19,Damaging
rs1817545728,chr8:g.143993467T>A,0.23808,-0.88,Tolerant
rs1817545598,chr8:g.143993459C>A,0.45042,-1.94,Tolerant
rs1817545422,chr8:g.143993454T>C,0.9412,-7.16,Damaging
rs1817544665,chr8:g.143993446T>C,0.09297,-0.15,Tolerant
rs1817544100,chr8:g.143993425G>A,0.90023,-6.11,Damaging
rs1817543401,chr8:g.143993410T>C,0.82764,-5.06,Damaging
rs1586576765,chr8:g.143998527G>A,0.89833,-6.06,Damaging
rs1586575571,chr8:g.143996530A>C,0.9053,-6.24,Damaging
rs1586575300,chr8:g.143996220T>G,0.88495,-5.85,Damaging
