rsid,HGVSId,Rankscore,Score
rs2130336911,chr8:g.143999222G>A,0.3336,0.295,Tolerant
rs2130336495,chr8:g.143999099A>G,0.75101,0.752,Damaging
rs2130335208,chr8:g.143998585C>G,0.31027,0.274,Tolerant
rs2130335076,chr8:g.143998540C>G,0.68255,0.675,Damaging
rs2130331124,chr8:g.143996620G>C,0.19593,0.181,Tolerant
rs2130329910,chr8:g.143996201A>T,0.3976,0.356,Tolerant
rs2130329908,chr8:g.143996200C>A,0.02759,0.056,Tolerant
rs2130329698,chr8:g.143996123T>C,0.50868,0.473,Tolerant
rs2130326829,chr8:g.143994846T>C,0.07811,0.097,Tolerant
rs2130326797,chr8:g.143994835C>A,0.39356,0.352,Tolerant
rs2130326398,chr8:g.143994731A>C,0.6041,0.583,Damaging
rs2130325303,chr8:g.143994239T>C,0.47115,0.432,Tolerant
rs2130325264,chr8:g.143994225C>G,0.45898,0.419,Tolerant
rs1817676833,chr8:g.143999241T>G,0.03956,0.067,Tolerant
rs1817676727,chr8:g.143999233C>G,0.02861,0.057,Tolerant
rs1817676630,chr8:g.143999228C>T,0.19728,0.182,Tolerant
rs1817675774,chr8:g.143999180G>C,0.03613,0.064,Tolerant
rs1817675007,chr8:g.143999163G>T,0.28616,0.253,Tolerant
rs1817674215,chr8:g.143999148G>A,0.09349,0.108,Tolerant
rs1817673849,chr8:g.143999135A>G,0.28849,0.255,Tolerant
rs1817673617,chr8:g.143999128C>G,0.03956,0.067,Tolerant
rs1817672320,chr8:g.143999097G>C,0.15046,0.148,Tolerant
rs1817672269,chr8:g.143999095C>G,0.06587,0.088,Tolerant
rs1817671838,chr8:g.143999079C>A,0.49692,0.46,Tolerant
rs1817671838,chr8:g.143999079C>T,0.1134,0.122,Tolerant
rs1817671593,chr8:g.143999072T>C,0.10769,0.118,Tolerant
rs1817670347,chr8:g.143999027G>A,0.62866,0.612,Damaging
rs1817662864,chr8:g.143998617C>T,0.26475,0.235,Tolerant
rs1817662837,chr8:g.143998616C>T,0.43995,0.399,Tolerant
rs1817661886,chr8:g.143998571A>T,0.78927,0.793,Damaging
rs1817661346,chr8:g.143998541C>T,0.54059,0.509,Damaging
rs1817661197,chr8:g.143998532A>C,0.56317,0.535,Damaging
rs1817660949,chr8:g.143998524A>G,0.81162,0.816,Damaging
rs1817660595,chr8:g.143998511C>T,0.55366,0.524,Damaging
rs1817660495,chr8:g.143998505T>C,0.38643,0.345,Tolerant
rs1817660324,chr8:g.143998500C>T,0.34767,0.308,Tolerant
rs1817623564,chr8:g.143996639T>C,0.14054,0.141,Tolerant
rs1817622774,chr8:g.143996612G>C,0.43223,0.391,Tolerant
rs1817622721,chr8:g.143996611A>G,0.85979,0.863,Damaging
rs1817622208,chr8:g.143996600C>A,0.14905,0.147,Tolerant
rs1817619939,chr8:g.143996535C>G,0.19055,0.177,Tolerant
rs1817619450,chr8:g.143996527A>C,0.15469,0.151,Tolerant
rs1817618619,chr8:g.143996513C>A,0.39861,0.357,Tolerant
rs1817618429,chr8:g.143996507G>T,0.38848,0.347,Tolerant
rs1817618401,chr8:g.143996506A>G,0.49055,0.453,Tolerant
rs1817618040,chr8:g.143996481G>C,0.43995,0.399,Tolerant
rs1817617918,chr8:g.143996476T>C,0.05414,0.079,Tolerant
rs1817617882,chr8:g.143996473T>C,0.69213,0.686,Damaging
rs1817613543,chr8:g.143996316A>T,0.21188,0.193,Tolerant
rs1817613384,chr8:g.143996309A>T,0.8136,0.818,Damaging
rs1817613329,chr8:g.143996300T>C,0.37923,0.338,Tolerant
rs1817612753,chr8:g.143996278G>C,0.05414,0.079,Tolerant
rs1817612722,chr8:g.143996275G>T,0.11197,0.121,Tolerant
rs1817612403,chr8:g.143996250G>A,0.07535,0.095,Tolerant
rs1817612311,chr8:g.143996247G>A,0.26233,0.233,Tolerant
rs1817612311,chr8:g.143996247G>C,0.15187,0.149,Tolerant
rs1817612167,chr8:g.143996244C>T,0.32148,0.284,Tolerant
rs1817611752,chr8:g.143996222G>T,0.48227,0.444,Tolerant
rs1817610593,chr8:g.143996180C>G,0.41063,0.369,Tolerant
rs1817600780,chr8:g.143995834C>A,0.27673,0.245,Tolerant
rs1817600642,chr8:g.143995827G>C,0.0672,0.089,Tolerant
rs1817600525,chr8:g.143995822A>G,0.66187,0.651,Damaging
rs1817597913,chr8:g.143995782T>A,0.16725,0.16,Tolerant
rs1817597637,chr8:g.143995771C>T,0.79022,0.794,Damaging
rs1817597372,chr8:g.143995763C>T,0.04547,0.072,Tolerant
rs1817596315,chr8:g.143995694C>T,0.81459,0.819,Damaging
rs1817595861,chr8:g.143995682T>C,0.7428,0.743,Damaging
rs1817578231,chr8:g.143994851A>G,0.55972,0.531,Damaging
rs1817577841,chr8:g.143994831C>A,0.0949,0.109,Tolerant
rs1817577587,chr8:g.143994824T>C,0.34874,0.309,Tolerant
rs1817577587,chr8:g.143994824T>G,0.42247,0.381,Tolerant
rs1817576449,chr8:g.143994791C>T,0.39861,0.357,Tolerant
rs1817575887,chr8:g.143994776G>A,0.14054,0.141,Tolerant
rs1817575728,chr8:g.143994758G>A,0.40264,0.361,Tolerant
rs1817575620,chr8:g.143994754C>G,0.0949,0.109,Tolerant
rs1817574791,chr8:g.143994719G>C,0.38643,0.345,Tolerant
rs1817564792,chr8:g.143994276C>G,0.01274,0.039,Tolerant
rs1817564485,chr8:g.143994269A>C,0.16168,0.156,Tolerant
rs1817564017,chr8:g.143994248A>G,0.74371,0.744,Damaging
rs1817563927,chr8:g.143994236T>C,0.18784,0.175,Tolerant
rs1817560561,chr8:g.143994128A>C,0.17828,0.168,Tolerant
rs1817560257,chr8:g.143994118G>A,0.35832,0.318,Tolerant
rs1817560098,chr8:g.143994112C>T,0.85449,0.858,Damaging
rs1817559816,chr8:g.143994106T>C,0.14763,0.146,Tolerant
rs1817559816,chr8:g.143994106T>G,0.34444,0.305,Tolerant
rs1817559591,chr8:g.143994103G>A,0.24758,0.221,Tolerant
rs1817559457,chr8:g.143994097A>G,0.25377,0.226,Tolerant
rs1817559368,chr8:g.143994095A>G,0.71321,0.71,Damaging
rs1817558554,chr8:g.143994077A>G,0.57263,0.546,Damaging
rs1817556872,chr8:g.143994025T>G,0.32259,0.285,Tolerant
rs1817556420,chr8:g.143994014C>T,0.8018,0.806,Damaging
rs1817555101,chr8:g.143993973C>G,0.4409,0.4,Tolerant
rs1817554420,chr8:g.143993951G>A,0.39153,0.35,Tolerant
rs1817545728,chr8:g.143993467T>A,0.10483,0.116,Tolerant
rs1817545598,chr8:g.143993459C>A,0.07949,0.098,Tolerant
rs1817545422,chr8:g.143993454T>C,0.31253,0.276,Tolerant
rs1817544665,chr8:g.143993446T>C,0.00407,0.023,Tolerant
rs1817544100,chr8:g.143993425G>A,0.47208,0.433,Tolerant
rs1817543401,chr8:g.143993410T>A,0.54496,0.514,Damaging
rs1817543401,chr8:g.143993410T>C,0.20528,0.188,Tolerant
rs1586576765,chr8:g.143998527G>A,0.51405,0.479,Tolerant
rs1586575571,chr8:g.143996530A>C,0.40164,0.36,Tolerant
rs1586575300,chr8:g.143996220T>G,0.52386,0.49,Tolerant
