rsid,HGVSId,Coding Rankscore,CodingScore,Prediction
rs2130336911,chr8:g.143999222G>A,0.04027,0.033633,Tolerant
rs2130336495,chr8:g.143999099A>G,0.33852,0.212881,Tolerant
rs2130335208,chr8:g.143998585C>G,0.0638,0.041722,Tolerant
rs2130335076,chr8:g.143998540C>G,0.0688,0.043489,Tolerant
rs2130331124,chr8:g.143996620G>C,0.06602,0.042495,Tolerant
rs2130329910,chr8:g.143996201A>T,0.23174,0.118536,Tolerant
rs2130329908,chr8:g.143996200C>A,0.18654,0.092129,Tolerant
rs2130329698,chr8:g.143996123T>C,0.26399,0.141743,Tolerant
rs2130326829,chr8:g.143994846T>C,0.19888,0.098729,Tolerant
rs2130326797,chr8:g.143994835C>A,0.29267,0.166119,Tolerant
rs2130326398,chr8:g.143994731A>C,0.51347,0.465362,Tolerant
rs2130325303,chr8:g.143994239T>C,0.36158,0.23966,Tolerant
rs2130325264,chr8:g.143994225C>G,0.6526,0.693187,Damaging
rs1817676833,chr8:g.143999241T>G,0.01673,0.025142,Tolerant
rs1817676727,chr8:g.143999233C>G,0.00381,0.01658,Tolerant
rs1817676630,chr8:g.143999228C>T,0.09544,0.053123,Tolerant
rs1817675774,chr8:g.143999180G>C,0.07371,0.045223,Tolerant
rs1817675007,chr8:g.143999163G>T,0.05965,0.040265,Tolerant
rs1817674215,chr8:g.143999148G>A,0.18763,0.092688,Tolerant
rs1817673849,chr8:g.143999135A>G,0.35673,0.233884,Tolerant
rs1817673617,chr8:g.143999128C>G,0.02532,0.028539,Tolerant
rs1817672320,chr8:g.143999097G>C,0.14022,0.070605,Tolerant
rs1817672269,chr8:g.143999095C>G,0.03844,0.033039,Tolerant
rs1817671838,chr8:g.143999079C>A,0.09396,0.052569,Tolerant
rs1817671838,chr8:g.143999079C>T,0.06266,0.041324,Tolerant
rs1817671593,chr8:g.143999072T>C,0.04062,0.033757,Tolerant
rs1817670347,chr8:g.143999027G>A,0.4079,0.298641,Tolerant
rs1817662864,chr8:g.143998617C>T,0.02477,0.028333,Tolerant
rs1817662837,chr8:g.143998616C>T,0.05936,0.040167,Tolerant
rs1817661886,chr8:g.143998571A>T,0.30143,0.174304,Tolerant
rs1817661346,chr8:g.143998541C>T,0.35423,0.230916,Tolerant
rs1817661197,chr8:g.143998532A>C,0.06585,0.042442,Tolerant
rs1817660949,chr8:g.143998524A>G,0.38284,0.265782,Tolerant
rs1817660595,chr8:g.143998511C>T,0.38713,0.271233,Tolerant
rs1817660495,chr8:g.143998505T>C,0.05083,0.037213,Tolerant
rs1817660324,chr8:g.143998500C>T,0.03262,0.031123,Tolerant
rs1817623564,chr8:g.143996639T>C,0.01259,0.023187,Tolerant
rs1817622774,chr8:g.143996612G>C,0.28803,0.161911,Tolerant
rs1817622721,chr8:g.143996611A>G,0.69235,0.751592,Damaging
rs1817622208,chr8:g.143996600C>A,0.11091,0.058925,Tolerant
rs1817619939,chr8:g.143996535C>G,0.03388,0.031515,Tolerant
rs1817619450,chr8:g.143996527A>C,0.05457,0.038504,Tolerant
rs1817618619,chr8:g.143996513C>A,0.13782,0.0696,Tolerant
rs1817618429,chr8:g.143996507G>T,0.36511,0.243915,Tolerant
rs1817618401,chr8:g.143996506A>G,0.60977,0.62725,Damaging
rs1817618040,chr8:g.143996481G>C,0.13585,0.068787,Tolerant
rs1817617918,chr8:g.143996476T>C,0.03446,0.031721,Tolerant
rs1817617882,chr8:g.143996473T>C,0.41672,0.310818,Tolerant
rs1817613543,chr8:g.143996316A>T,0.13552,0.068647,Tolerant
rs1817613384,chr8:g.143996309A>T,0.62646,0.653414,Damaging
rs1817613329,chr8:g.143996300T>C,0.56391,0.552115,Damaging
rs1817612753,chr8:g.143996278G>C,0.03537,0.032016,Tolerant
rs1817612722,chr8:g.143996275G>T,0.14316,0.071841,Tolerant
rs1817612403,chr8:g.143996250G>A,0.15893,0.078739,Tolerant
rs1817612311,chr8:g.143996247G>A,0.08986,0.05107,Tolerant
rs1817612311,chr8:g.143996247G>C,0.09328,0.052324,Tolerant
rs1817612167,chr8:g.143996244C>T,0.19475,0.096472,Tolerant
rs1817611752,chr8:g.143996222G>T,0.6142,0.634271,Damaging
rs1817610593,chr8:g.143996180C>G,0.12613,0.064838,Tolerant
rs1817600780,chr8:g.143995834C>A,0.24671,0.128798,Tolerant
rs1817600642,chr8:g.143995827G>C,0.01142,0.022551,Tolerant
rs1817600525,chr8:g.143995822A>G,0.38515,0.268718,Tolerant
rs1817597913,chr8:g.143995782T>A,0.02041,0.026666,Tolerant
rs1817597637,chr8:g.143995771C>T,0.46749,0.387543,Tolerant
rs1817597372,chr8:g.143995763C>T,0.36455,0.243233,Tolerant
rs1817596315,chr8:g.143995694C>T,0.57376,0.568662,Damaging
rs1817595861,chr8:g.143995682T>C,0.59047,0.596219,Damaging
rs1817578231,chr8:g.143994851A>G,0.47559,0.400871,Tolerant
rs1817577841,chr8:g.143994831C>A,0.34156,0.216302,Tolerant
rs1817577587,chr8:g.143994824T>C,0.46474,0.383111,Tolerant
rs1817577587,chr8:g.143994824T>G,0.45731,0.371208,Tolerant
rs1817576449,chr8:g.143994791C>T,0.11821,0.061728,Tolerant
rs1817575887,chr8:g.143994776G>A,0.1161,0.060919,Tolerant
rs1817575728,chr8:g.143994758G>A,0.27549,0.151071,Tolerant
rs1817575620,chr8:g.143994754C>G,0.1002,0.054896,Tolerant
rs1817574791,chr8:g.143994719G>C,0.33871,0.213084,Tolerant
rs1817564792,chr8:g.143994276C>G,0.12086,0.062761,Tolerant
rs1817564485,chr8:g.143994269A>C,0.0347,0.031795,Tolerant
rs1817564017,chr8:g.143994248A>G,0.67388,0.724649,Damaging
rs1817563927,chr8:g.143994236T>C,0.34721,0.222765,Tolerant
rs1817560561,chr8:g.143994128A>C,0.09177,0.051764,Tolerant
rs1817560257,chr8:g.143994118G>A,0.45513,0.367805,Tolerant
rs1817560098,chr8:g.143994112C>T,0.6268,0.653943,Damaging
rs1817559816,chr8:g.143994106T>C,0.01894,0.026071,Tolerant
rs1817559816,chr8:g.143994106T>G,0.08076,0.047754,Tolerant
rs1817559591,chr8:g.143994103G>A,0.46422,0.382282,Tolerant
rs1817559457,chr8:g.143994097A>G,0.37654,0.257892,Tolerant
rs1817559368,chr8:g.143994095A>G,0.51568,0.469192,Tolerant
rs1817558554,chr8:g.143994077A>G,0.58221,0.5827,Damaging
rs1817556872,chr8:g.143994025T>G,0.07844,0.046919,Tolerant
rs1817556420,chr8:g.143994014C>T,0.57716,0.574334,Damaging
rs1817555101,chr8:g.143993973C>G,0.07234,0.044731,Tolerant
rs1817554420,chr8:g.143993951G>A,0.44289,0.348919,Tolerant
rs1817545728,chr8:g.143993467T>A,0.02782,0.029449,Tolerant
rs1817545598,chr8:g.143993459C>A,0.03595,0.032217,Tolerant
rs1817545422,chr8:g.143993454T>C,0.05472,0.038551,Tolerant
rs1817544665,chr8:g.143993446T>C,0.02312,0.027709,Tolerant
rs1817544100,chr8:g.143993425G>A,0.31341,0.186099,Tolerant
rs1817543401,chr8:g.143993410T>A,0.19767,0.098062,Tolerant
rs1817543401,chr8:g.143993410T>C,0.16933,0.083575,Tolerant
rs1586576765,chr8:g.143998527G>A,0.23587,0.121289,Tolerant
rs1586575571,chr8:g.143996530A>C,0.29858,0.171602,Tolerant
rs1586575300,chr8:g.143996220T>G,0.73407,0.810958,Damaging
